{
    "MSE": 0.852834650746502,
    "R2": 0.14791212554040034
}